{
  "train_loss": [
    4.39705589082506,
    3.5133975801013766,
    3.3650082330855113,
    3.2556484956589955,
    3.195285649526687,
    3.1481326269725014,
    3.1113229554796975,
    3.080285863270835,
    3.021570500873384,
    3.0078584731571256,
    2.9836987200237455,
    2.959064385247609,
    2.9506802937341114,
    2.9292031999618287,
    2.8959823600829595,
    2.8765373494890003,
    2.8462967532021657,
    2.8350614933740523,
    2.813790688439021,
    2.803800140108381,
    2.797643540397523,
    2.7746926413642035,
    2.757101471461947,
    2.742163344035073,
    2.715385047216264,
    2.7104843230474565,
    2.7078072684151784,
    2.698885957400004,
    2.688471408117385,
    2.6720214533427407,
    2.666035871657114,
    2.6504042716253373,
    2.6457386433132113,
    2.620085523242042,
    2.6073105581223017,
    2.591707456679571,
    2.5960131334880043,
    2.5815792045896013,
    2.586060743483286,
    2.5732935969791715,
    2.5526540468609524,
    2.5553603058769587,
    2.5473289300524997,
    2.5391538218846397,
    2.5297886038583424,
    2.5166136045304555,
    2.5253647849673317,
    2.5256286348615373,
    2.507605055021861,
    2.4991336001290216
  ],
  "val_loss": [
    3.5331967243781457,
    3.3723595509162316,
    3.245477951489962,
    3.173231106538039,
    3.214157012792734,
    3.143220644730788,
    3.209501963395339,
    3.1344107481149526,
    3.092189825498141,
    3.1197382670182447,
    3.0695751630342922,
    3.065886717576247,
    3.0886020477001486,
    3.0679945395543027,
    3.0789763377262998,
    3.052618485230666,
    3.0569808666522684,
    3.139769902596107,
    3.1184768676757812,
    3.1000065620128927,
    3.0709347908313456,
    3.077410551217886,
    3.158204298753005,
    3.1199845717503476,
    3.147846111884484,
    3.1677175668569713,
    3.1005723109612098,
    3.114513708994939,
    3.1640507074502797,
    3.1789652017446666,
    3.1796671610612135,
    3.2009796729454627,
    3.2443925050588756,
    3.222937125426072,
    3.2124694860898533,
    3.2294280162224402,
    3.2154085085942197,
    3.273643897129939,
    3.2446258618281436,
    3.313023933997521,
    3.2773812734163723,
    3.2357116479140062,
    3.3106924020327053,
    3.27955673291133,
    3.315259805092445,
    3.324529739526602,
    3.3676810081188497,
    3.3299613182361307,
    3.3143640481508694,
    3.3755748455341044
  ],
  "ap_per_class": [
    [
      0.007160098770109471,
      0.03242287532426417,
      0.09075102133210748
    ],
    [
      0.004846675887238234,
      0.022720065102912485,
      0.0927705413592048
    ],
    [
      0.006653214856632985,
      0.02816002861771267,
      0.12171470475615934
    ],
    [
      0.009066107326070778,
      0.031196156072546728,
      0.11363523196894676
    ],
    [
      0.0032550178794190287,
      0.025699776801047847,
      0.10948155436431989
    ],
    [
      0.0037032566918060185,
      0.02610157077666372,
      0.1101769516710192
    ],
    [
      0.005175224673585035,
      0.026260325484909117,
      0.08843306816648693
    ],
    [
      0.0037964672374073416,
      0.03170772903598845,
      0.10953127880347893
    ],
    [
      0.0031205208689789286,
      0.024621707958867773,
      0.11128295252565294
    ],
    [
      0.003152804733836092,
      0.02422757454914972,
      0.11419535005930811
    ],
    [
      0.005964590217918158,
      0.025140570036601275,
      0.10954989346209913
    ],
    [
      0.003364188869600184,
      0.023611737547907977,
      0.11820692715235054
    ],
    [
      0.003058634081389755,
      0.027260872959159313,
      0.12192748894914984
    ],
    [
      0.0009296846704091876,
      0.02089785802876577,
      0.12998371263500302
    ],
    [
      0.004519070033566095,
      0.023691069626947864,
      0.08833405023440719
    ],
    [
      0.003001749745744746,
      0.022898649921407922,
      0.14508312669117004
    ],
    [
      0.003199074998265132,
      0.02283299921778962,
      0.12419435456395149
    ],
    [
      0.0037114409334026276,
      0.02975224694237113,
      0.11845054372679442
    ],
    [
      0.002829712857492268,
      0.023135277320398016,
      0.13764956551603974
    ],
    [
      0.005210098127718083,
      0.02495930574135855,
      0.1251962535874918
    ],
    [
      0.003927946082258132,
      0.02479690819978714,
      0.1217464077891782
    ],
    [
      0.0034100831439718604,
      0.026321898985188455,
      0.13044952963944526
    ],
    [
      0.005117223399574869,
      0.02677901885821484,
      0.12815202574478463
    ],
    [
      0.004649617760151159,
      0.03121527781477198,
      0.1360558105073869
    ],
    [
      0.00579589406697778,
      0.021095034825848416,
      0.11550500115845352
    ],
    [
      0.004945766821329016,
      0.028855488139670343,
      0.11869410547427833
    ],
    [
      0.004975466713076458,
      0.026094028998631984,
      0.12028040374396369
    ],
    [
      0.004935286912368611,
      0.02478376805782318,
      0.12757926882710308
    ],
    [
      0.005053193064813968,
      0.02513739294372499,
      0.13029377745464443
    ],
    [
      0.002848876132629812,
      0.02409177356865257,
      0.10958077387884259
    ],
    [
      0.005538594114477746,
      0.024696340144146234,
      0.12194805012550206
    ],
    [
      0.004464971410343423,
      0.02561887473682873,
      0.10776717348955572
    ],
    [
      0.008053648232889827,
      0.02595071866409853,
      0.11686576335690915
    ],
    [
      0.005761419144691899,
      0.022081811284879224,
      0.10527530454099178
    ],
    [
      0.005338312649400905,
      0.02447718811687082,
      0.13505479958839714
    ],
    [
      0.006001692262361758,
      0.024142016959376632,
      0.11345099886879324
    ],
    [
      0.0013337296736426652,
      0.021387145562330262,
      0.1141084136418067
    ],
    [
      0.005682027659495361,
      0.025132457558065653,
      0.10790510144550353
    ],
    [
      0.007525141323858406,
      0.02831295509589836,
      0.1232107557868585
    ],
    [
      0.0072860183595912535,
      0.023728396719088777,
      0.12562902571400628
    ],
    [
      0.0042408737086225305,
      0.022724284428404642,
      0.12266351078636945
    ],
    [
      0.004548862049705349,
      0.021084508523344994,
      0.13220464339945465
    ],
    [
      0.004694675496430136,
      0.025471119922585786,
      0.10907106020953507
    ],
    [
      0.007435752773890272,
      0.020319817453855648,
      0.1239649261487648
    ],
    [
      0.0056393159390427175,
      0.027628351990133523,
      0.10797241593711078
    ],
    [
      0.0016788372700102627,
      0.02520297886687331,
      0.11416187626775354
    ],
    [
      0.007337765929405577,
      0.028100909219356252,
      0.12767305953428149
    ],
    [
      0.006783914911793545,
      0.02223201394546777,
      0.12001122957095504
    ],
    [
      0.006774696361972019,
      0.026382589829154313,
      0.11291521379025653
    ],
    [
      0.005921209741500206,
      0.023015313693322242,
      0.11782845385372638
    ]
  ]
}