{
    "resolution": {
        "32": 0.0019801334012299774,
        "64": 0.002006776798516512,
        "128": 0.0009995974600315095
    },
    "sigma": {
        "1.0": 0.0013658959930762649,
        "2.0": 0.001973201958462596,
        "3.0": 0.0019459225237369536,
        "4.0": 0.0032128478959202768
    },
    "skip_connections": {
        "with_skip": 0.0018542894814163446,
        "no_skip": 0.002442276645451784
    }
}