{
    "heatmap": {
        "train_loss": [
            0.06329350523650647,
            0.00931866704672575,
            0.00625961098074913,
            0.004915952019393444,
            0.004038635279983282,
            0.003377992819994688,
            0.0028658471070230006,
            0.002461532451212406,
            0.0021284481193870304,
            0.0018635409120470285,
            0.0016642221063375472,
            0.001506056015379727,
            0.001386213113553822,
            0.0012856448385864497,
            0.0012049870137125253,
            0.0011372783174738287,
            0.0010810588654130697,
            0.001028579605743289,
            0.0009857957139611244,
            0.0009473446058109403,
            0.0009139574514701963,
            0.0008862633495591581,
            0.0008570072981528938,
            0.0008310717744752765,
            0.0008094318397343158,
            0.0007878774059936404,
            0.0007699695713818073,
            0.000750688442029059,
            0.0007391094779595732,
            0.000724174295552075
        ],
        "val_loss": [
            0.014583655670285224,
            0.007369530014693737,
            0.005620686952024698,
            0.004538534004241228,
            0.0037488198280334474,
            0.003145219162106514,
            0.0027038378547877074,
            0.0023626309260725976,
            0.002050743093714118,
            0.0018428565515205264,
            0.0016298361029475927,
            0.0015322970319539308,
            0.0013823579577729105,
            0.001297983401454985,
            0.001234975093975663,
            0.001161521547473967,
            0.0010976109839975834,
            0.00108348548412323,
            0.0010144847864285112,
            0.000988355320878327,
            0.0009415451064705849,
            0.000921224590856582,
            0.0008877010177820921,
            0.0008688107039779425,
            0.0008484856737777591,
            0.0008281673630699516,
            0.0008168851817026735,
            0.0007901379093527794,
            0.0007749022869393229,
            0.0007605740358121693
        ]
    },
    "regression": {
        "train_loss": [
            0.023350346356630327,
            0.017421891748905183,
            0.01587730738520622,
            0.014020047053694725,
            0.012338098838925362,
            0.01134715960919857,
            0.010500236868858337,
            0.0102858107984066,
            0.010099850051105022,
            0.009765038080513478,
            0.009782891742885113,
            0.009419031485915184,
            0.009310029163956643,
            0.009098921470344067,
            0.009085561774671078,
            0.009048828847706318,
            0.009047387421131134,
            0.008993151552975177,
            0.008943551767617464,
            0.009050208315253258,
            0.00884404656291008,
            0.008673404470086098,
            0.008198165565729141,
            0.008139221213757993,
            0.008036154128611087,
            0.008280600130558013,
            0.007990159064531327,
            0.007516882833093405,
            0.007112736690789461,
            0.006718704681843519
        ],
        "val_loss": [
            0.017878184989094735,
            0.014615396335721016,
            0.017877612560987473,
            0.012314148619771004,
            0.01004789475351572,
            0.00983236063271761,
            0.008531485088169574,
            0.008705459535121918,
            0.010249011106789113,
            0.008855534084141255,
            0.011143231876194476,
            0.00842534489929676,
            0.008339053019881248,
            0.008418807685375214,
            0.008336334936320782,
            0.012519565969705581,
            0.008661249130964279,
            0.009953446500003339,
            0.008216262608766556,
            0.010547765195369721,
            0.007698059119284153,
            0.009643825888633727,
            0.007566584907472133,
            0.007252183146774769,
            0.007243642434477806,
            0.006954643577337265,
            0.012833841852843761,
            0.008382455185055733,
            0.005855057425796986,
            0.006214260347187519
        ]
    }
}